req_id,order_id,client_id,action,side,type,price,quantity,visible_qty,timestamp,symbol_id
1,1,1013,New,Sell,Limit,50047826,4175,0,1747238400000000000,1
2,2,1006,New,Sell,Limit,50230028,2077,1148,1747238400024089548,1
3,3,1012,New,Sell,Limit,49997427,3665,0,1747238400035651025,1
4,2,1006,Cancel,,,0,0,0,1747238400051308170,1
5,4,1016,New,Sell,Limit,50010266,2524,0,1747238400079863021,1
6,5,1009,New,Sell,Limit,50203018,4268,0,1747238400093842527,1
7,6,1002,New,Buy,Limit,50198288,2459,507,1747238400109459087,1
8,4,1016,Modify,,,50012746,2763,0,1747238400124967558,1
9,7,1006,New,Sell,Limit,50179739,643,0,1747238400151432275,1
10,3,1012,Modify,,,49975873,4419,0,1747238400174015337,1
11,8,1017,New,Sell,Limit,49902445,942,0,1747238400195375832,1
12,8,1017,Cancel,,,0,0,0,1747238400210019384,1
13,1,1013,Cancel,,,0,0,0,1747238400234898737,1
14,3,1012,Cancel,,,0,0,0,1747238400262314757,1
15,5,1009,Modify,,,50208236,5184,0,1747238400278519190,1
16,9,1009,New,Sell,Limit,50060997,4206,0,1747238400299598886,1
17,7,1006,Modify,,,50180659,494,0,1747238400325938012,1
18,6,1002,Modify,,,50197260,2013,0,1747238400342143351,1
19,9,1009,Modify,,,50048567,3788,0,1747238400371113268,1
20,4,1016,Cancel,,,0,0,0,1747238400395768949,1
21,9,1009,Modify,,,50031931,3084,0,1747238400415230844,1
22,10,1011,New,Sell,Limit,49803706,3032,0,1747238400432324526,1
23,11,1006,New,Sell,Limit,49871343,1319,0,1747238400458702098,1
24,9,1009,Modify,,,50028241,3765,0,1747238400479321827,1
25,10,1011,Modify,,,49795284,2811,0,1747238400502858978,1
26,12,1002,New,Sell,Limit,49916464,857,0,1747238400517298189,1
27,13,1014,New,Sell,Limit,49962431,2770,1314,1747238400545682073,1
28,14,1007,New,Buy,Limit,50025283,3329,0,1747238400570843040,1
29,15,1013,New,Buy,Limit,49931094,2017,0,1747238400587674271,1
30,16,1018,New,Buy,Limit,50003923,1191,0,1747238400612818583,1
31,14,1007,Modify,,,50023034,2731,0,1747238400639012286,1
32,17,1015,New,Sell,Limit,49787158,3172,0,1747238400663053999,1
33,15,1013,Cancel,,,0,0,0,1747238400676907503,1
34,17,1015,Cancel,,,0,0,0,1747238400706828719,1
35,18,1015,New,Sell,Limit,49911495,602,0,1747238400718549116,1
36,19,1002,New,Sell,Limit,50067251,4313,0,1747238400738789974,1
37,20,1017,New,Sell,Limit,50056890,4230,721,1747238400765706329,1
38,21,1016,New,Buy,Limit,50095182,2831,0,1747238400784535589,1
39,22,1007,New,Buy,Limit,50132299,3093,0,1747238400811070595,1
40,16,1018,Modify,,,50026253,791,0,1747238400824526386,1
41,5,1009,Modify,,,50213636,4821,0,1747238400854272888,1
42,23,1013,New,Buy,Limit,49766417,4988,0,1747238400869169572,1
43,24,1017,New,Buy,Limit,49805797,820,0,1747238400891057079,1
44,5,1009,Modify,,,50193014,4086,0,1747238400910741553,1
45,10,1011,Cancel,,,0,0,0,1747238400935940716,1
46,25,1014,New,Sell,Limit,50159907,3154,0,1747238400964548858,1
47,7,1006,Modify,,,50210456,648,0,1747238400984162571,1
48,26,1010,New,Buy,Limit,49899448,1781,0,1747238401006336324,1
49,27,1008,New,Sell,Limit,50097650,1419,0,1747238401018273703,1
50,28,1011,New,Buy,Limit,50031976,3125,1121,1747238401044629540,1
51,29,1009,New,Sell,Limit,49932008,1490,0,1747238401065925347,1
52,18,1015,Modify,,,49901670,100,0,1747238401085677124,1
53,30,1010,New,Buy,Limit,49865917,4029,0,1747238401098049553,1
54,14,1007,Modify,,,50004888,1850,0,1747238401110788042,1
55,31,1018,New,Buy,Limit,50205274,1852,0,1747238401129511688,1
56,32,1002,New,Buy,Limit,49793031,2409,718,1747238401140384047,1
57,18,1015,Cancel,,,0,0,0,1747238401168739117,1
58,33,1012,New,Sell,Limit,49807406,3067,0,1747238401196528880,1
59,33,1012,Cancel,,,0,0,0,1747238401217816262,1
60,34,1007,New,Buy,Limit,50040102,2407,0,1747238401228139226,1
61,19,1002,Modify,,,50050531,4871,0,1747238401255235439,1
62,35,1020,New,Buy,Limit,49961740,3790,0,1747238401266095991,1
63,36,1019,New,Sell,Limit,49889182,4022,0,1747238401287477628,1
64,20,1017,Modify,,,50045679,3520,0,1747238401306477918,1
65,37,1017,New,Sell,Limit,49868597,4519,0,1747238401334672613,1
66,38,1005,New,Buy,Limit,50076991,4612,0,1747238401362595648,1
67,39,1007,New,Buy,Limit,49803197,3924,0,1747238401378026489,1
68,40,1012,New,Buy,Limit,49978972,1459,0,1747238401389745386,1
69,41,1004,New,Buy,Limit,50063410,1763,693,1747238401416558606,1
70,42,1018,New,Sell,Limit,50221385,3124,1041,1747238401436170105,1
71,42,1018,Cancel,,,0,0,0,1747238401450131382,1
72,25,1014,Modify,,,50178310,2493,0,1747238401472075422,1
73,43,1019,New,Buy,Limit,49942809,663,0,1747238401486286791,1
74,44,1004,New,Buy,Limit,50150154,4133,0,1747238401507249447,1
75,45,1006,New,Buy,Limit,50214308,1056,0,1747238401519981068,1
76,6,1002,Cancel,,,0,0,0,1747238401536891397,1
77,46,1015,New,Buy,Limit,49764727,2889,0,1747238401558687051,1
78,47,1012,New,Sell,Limit,49949592,4993,0,1747238401570398913,1
79,48,1004,New,Sell,Limit,49947483,2506,0,1747238401586115677,1
80,9,1009,Modify,,,50036299,4027,0,1747238401605951689,1
81,49,1009,New,Buy,Limit,49943885,3913,0,1747238401634857031,1
82,50,1004,New,Buy,Limit,50134868,4352,1082,1747238401661358734,1
83,51,1012,New,Buy,Limit,49954866,3724,0,1747238401688475313,1
84,52,1012,New,Buy,Limit,49963700,810,0,1747238401716597343,1
85,53,1004,New,Sell,Limit,49970778,2605,0,1747238401732053520,1
86,54,1013,New,Buy,Limit,49875342,1469,0,1747238401759556488,1
87,43,1019,Modify,,,49945692,100,0,1747238401783216608,1
88,55,1003,New,Sell,Limit,49974631,2491,0,1747238401793400649,1
89,56,1006,New,Buy,Limit,49879857,773,0,1747238401804850432,1
90,28,1011,Modify,,,50024628,4123,0,1747238401826874084,1
91,57,1010,New,Sell,Limit,49929351,2226,0,1747238401844775541,1
92,58,1001,New,Sell,Limit,50051366,4521,0,1747238401866087616,1
93,11,1006,Modify,,,49885105,575,0,1747238401885080597,1
94,49,1009,Cancel,,,0,0,0,1747238401896962584,1
95,19,1002,Modify,,,50046142,3939,0,1747238401912683023,1
96,55,1003,Cancel,,,0,0,0,1747238401939313441,1
97,11,1006,Modify,,,49898672,789,0,1747238401960824077,1
98,52,1012,Modify,,,49991184,241,0,1747238401978818018,1
99,59,1008,New,Sell,Limit,49948633,4816,0,1747238401999261873,1
100,60,1003,New,Buy,Limit,49883467,889,0,1747238402012224137,1
101,61,1019,New,Buy,Limit,50148257,3049,0,1747238402037333375,1
102,62,1014,New,Sell,Limit,49998699,4496,0,1747238402049064937,1
103,63,1019,New,Buy,Limit,50006789,2298,0,1747238402060125420,1
104,64,1011,New,Sell,Limit,49907192,4526,0,1747238402073478164,1
105,65,1017,New,Buy,Limit,49978345,3880,0,1747238402095030907,1
106,66,1011,New,Buy,Limit,49982627,3096,0,1747238402106970297,1
107,67,1020,New,Buy,Limit,50024246,3602,0,1747238402131289466,1
108,9,1009,Modify,,,50033202,3782,0,1747238402147121356,1
109,68,1006,New,Buy,Limit,50057721,1657,0,1747238402162823908,1
110,69,1019,New,Sell,Limit,49825649,4752,0,1747238402176339655,1
111,70,1020,New,Sell,Limit,49878782,2358,0,1747238402194806851,1
112,71,1015,New,Buy,Limit,49990455,1068,0,1747238402218929285,1
113,51,1012,Modify,,,49933546,4240,0,1747238402238957937,1
114,72,1009,New,Sell,Limit,49949037,1838,841,1747238402258777334,1
115,73,1002,New,Buy,Limit,49979718,3915,0,1747238402283442166,1
116,44,1004,Modify,,,50156910,4747,0,1747238402312298137,1
117,74,1014,New,Sell,Limit,49878017,2404,0,1747238402342015639,1
118,75,1010,New,Buy,Limit,49904515,1072,0,1747238402362240919,1
119,59,1008,Cancel,,,0,0,0,1747238402386917087,1
120,76,1014,New,Sell,Limit,49998709,3690,0,1747238402399016125,1
121,77,1006,New,Buy,Limit,49883735,3005,0,1747238402412451552,1
122,70,1020,Cancel,,,0,0,0,1747238402422890581,1
123,35,1020,Modify,,,49936954,3881,0,1747238402440196993,1
124,78,1017,New,Buy,Limit,50112087,3574,582,1747238402461008801,1
125,79,1010,New,Sell,Limit,49926348,1058,0,1747238402472890922,1
126,80,1002,New,Sell,Limit,50094889,2051,0,1747238402495358538,1
127,31,1018,Modify,,,50179432,2736,0,1747238402521654694,1
128,31,1018,Cancel,,,0,0,0,1747238402539223014,1
129,48,1004,Modify,,,49934908,2020,0,1747238402561253784,1
130,81,1018,New,Sell,Limit,50055637,3833,1064,1747238402584082134,1
131,82,1005,New,Buy,Limit,49976931,4409,0,1747238402605678119,1
132,83,1015,New,Sell,Limit,49923145,4909,0,1747238402620828311,1
133,23,1013,Modify,,,49781282,5830,0,1747238402637669499,1
134,78,1017,Modify,,,50140970,4433,0,1747238402656040975,1
135,84,1007,New,Buy,Limit,49830003,2041,0,1747238402667662448,1
136,85,1018,New,Sell,Limit,49820626,4160,835,1747238402681428644,1
137,86,1006,New,Buy,Limit,50090993,4597,0,1747238402692000998,1
138,87,1019,New,Buy,Limit,49830052,4049,1065,1747238402716080978,1
139,88,1012,New,Sell,Limit,50083384,4668,0,1747238402728830514,1
140,40,1012,Modify,,,49954575,794,0,1747238402748596605,1
141,89,1019,New,Buy,Limit,50167955,4482,0,1747238402764713599,1
142,82,1005,Modify,,,49998470,4413,0,1747238402784833333,1
143,90,1008,New,Buy,Limit,50089736,1431,0,1747238402808879799,1
144,91,1010,New,Sell,Limit,49924021,1213,0,1747238402821862900,1
145,92,1018,New,Buy,Limit,50082412,3076,0,1747238402839414669,1
146,88,1012,Cancel,,,0,0,0,1747238402857303497,1
147,93,1017,New,Sell,Limit,49937060,2166,0,1747238402886515910,1
148,94,1018,New,Buy,Limit,49833781,2654,0,1747238402905474265,1
149,95,1017,New,Buy,Limit,50155955,3732,0,1747238402919967758,1
150,96,1019,New,Sell,Limit,49962586,1671,0,1747238402930376287,1
151,97,1020,New,Sell,Limit,49960926,2621,0,1747238402955543525,1
152,98,1010,New,Sell,Limit,50124980,3652,0,1747238402977024032,1
153,99,1004,New,Buy,Limit,49853408,2609,0,1747238403003689557,1
154,35,1020,Modify,,,49951187,3806,0,1747238403021250707,1
155,100,1017,New,Buy,Limit,49797635,4050,1168,1747238403047798707,1
156,101,1017,New,Sell,Limit,50135616,2419,0,1747238403075084148,1
157,102,1014,New,Sell,Limit,49858369,690,881,1747238403104129062,1
158,103,1005,New,Buy,Limit,50084894,4324,0,1747238403114271119,1
159,104,1011,New,Sell,Limit,49870989,4309,0,1747238403143001627,1
160,105,1013,New,Sell,Limit,50144932,4248,0,1747238403166677388,1
161,106,1013,New,Buy,Limit,49938248,3857,0,1747238403184633831,1
162,107,1014,New,Buy,Limit,49843282,716,0,1747238403198195773,1
163,108,1007,New,Buy,Limit,49938717,2910,0,1747238403223195666,1
164,109,1001,New,Buy,Limit,49786085,2722,0,1747238403243579851,1
165,110,1001,New,Buy,Limit,50012331,1537,0,1747238403273124799,1
166,111,1003,New,Buy,Limit,49929481,3024,0,1747238403294185385,1
167,80,1002,Modify,,,50121525,1161,0,1747238403314469378,1
168,11,1006,Modify,,,49879874,948,0,1747238403343928379,1
169,112,1010,New,Sell,Limit,49943984,3624,0,1747238403358856180,1
170,113,1014,New,Sell,Limit,49911132,4172,0,1747238403379113053,1
171,13,1014,Cancel,,,0,0,0,1747238403405266715,1
172,40,1012,Modify,,,49941470,594,0,1747238403425290996,1
173,114,1002,New,Sell,Limit,50177906,4373,0,1747238403443811389,1
174,115,1015,New,Buy,Limit,50118405,2396,0,1747238403468216564,1
175,116,1002,New,Buy,Limit,50198517,1501,0,1747238403494527035,1
176,117,1020,New,Buy,Limit,50147811,3127,0,1747238403512319143,1
177,118,1014,New,Buy,Limit,50031469,3763,0,1747238403537916308,1
178,119,1012,New,Buy,Limit,50166934,2239,1186,1747238403548041297,1
179,82,1005,Modify,,,49982839,5188,0,1747238403558857037,1
180,120,1008,New,Buy,Limit,49985693,1266,0,1747238403576296974,1
181,121,1001,New,Buy,Limit,50098915,1449,0,1747238403587496273,1
182,122,1005,New,Sell,Limit,49798560,4513,0,1747238403610007619,1
183,123,1014,New,Buy,Limit,49972431,1663,0,1747238403633218352,1
184,124,1015,New,Buy,Limit,50143313,4390,839,1747238403653481577,1
185,125,1001,New,Buy,Limit,49899628,3211,0,1747238403678970235,1
186,76,1014,Cancel,,,0,0,0,1747238403689792173,1
187,126,1020,New,Sell,Limit,49942026,848,0,1747238403711622024,1
188,127,1002,New,Sell,Limit,50134304,2638,0,1747238403723010143,1
189,128,1005,New,Sell,Limit,49852157,617,0,1747238403736595996,1
190,129,1018,New,Buy,Limit,49803242,1450,0,1747238403759639739,1
191,130,1010,New,Buy,Limit,50083132,972,0,1747238403786638273,1
192,131,1017,New,Sell,Limit,49970156,3098,0,1747238403799649026,1
193,35,1020,Cancel,,,0,0,0,1747238403829570382,1
194,132,1003,New,Buy,Limit,50148897,1813,0,1747238403851486086,1
195,133,1008,New,Sell,Limit,50019023,2578,0,1747238403861856491,1
196,134,1002,New,Sell,Limit,50113884,4918,0,1747238403886128124,1
197,135,1004,New,Sell,Limit,50119978,3824,1343,1747238403899555706,1
198,46,1015,Cancel,,,0,0,0,1747238403924789691,1
199,136,1007,New,Sell,Limit,50040275,2960,0,1747238403939089867,1
200,52,1012,Modify,,,49993477,100,0,1747238403963311707,1
201,137,1001,New,Sell,Limit,49889442,1052,0,1747238403975096602,1
202,138,1007,New,Buy,Limit,50052922,1558,0,1747238403989828257,1
203,63,1019,Modify,,,50034323,1319,0,1747238404001480297,1
204,139,1015,New,Sell,Limit,49878834,1460,0,1747238404017935081,1
205,43,1019,Cancel,,,0,0,0,1747238404040173358,1
206,108,1007,Modify,,,49938114,2439,0,1747238404059492874,1
207,140,1004,New,Buy,Limit,49885384,2514,0,1747238404084195672,1
208,47,1012,Cancel,,,0,0,0,1747238404108228190,1
209,141,1012,New,Buy,Limit,50098188,2458,0,1747238404137362701,1
210,142,1012,New,Sell,Limit,49873924,1935,0,1747238404159567285,1
211,143,1019,New,Buy,Limit,50047715,2538,0,1747238404171409552,1
212,74,1014,Modify,,,49892794,2703,0,1747238404186991037,1
213,144,1015,New,Sell,Limit,49940287,2101,0,1747238404206716091,1
214,145,1010,New,Buy,Limit,49814089,3726,0,1747238404229804638,1
215,146,1010,New,Buy,Limit,49850587,4977,0,1747238404249283395,1
216,99,1004,Modify,,,49877620,3305,0,1747238404262774088,1
217,38,1005,Modify,,,50104926,3647,0,1747238404278093574,1
218,69,1019,Cancel,,,0,0,0,1747238404305351579,1
219,122,1005,Modify,,,49770017,3926,0,1747238404326414910,1
220,36,1019,Cancel,,,0,0,0,1747238404347896052,1
221,56,1006,Modify,,,49875137,100,0,1747238404358521041,1
222,147,1008,New,Sell,Limit,49823261,1012,0,1747238404382446786,1
223,85,1018,Modify,,,49838861,4506,0,1747238404405517136,1
224,21,1016,Modify,,,50073374,3283,0,1747238404433909576,1
225,148,1007,New,Sell,Limit,50061304,4385,0,1747238404460212217,1
226,16,1018,Modify,,,50050200,595,0,1747238404477791744,1
227,147,1008,Modify,,,49819920,1557,0,1747238404503734756,1
228,149,1017,New,Sell,Limit,49846946,2234,0,1747238404527533918,1
229,150,1013,New,Buy,Limit,50038969,3364,0,1747238404541527965,1
230,151,1008,New,Sell,Limit,50084706,3813,0,1747238404560574204,1
231,152,1002,New,Buy,Limit,50196230,4351,0,1747238404585069010,1
232,95,1017,Cancel,,,0,0,0,1747238404600824844,1
233,153,1006,New,Sell,Limit,50221342,896,0,1747238404629798659,1
234,154,1016,New,Sell,Limit,50045847,1707,0,1747238404647434094,1
235,155,1019,New,Sell,Limit,49868852,3200,0,1747238404675250010,1
236,60,1003,Modify,,,49911666,147,0,1747238404695942402,1
237,129,1018,Cancel,,,0,0,0,1747238404718300296,1
238,156,1002,New,Sell,Limit,49944630,3140,915,1747238404737757169,1
239,63,1019,Modify,,,50039996,2127,0,1747238404755758530,1
240,97,1020,Modify,,,49934466,2766,0,1747238404776512007,1
241,153,1006,Modify,,,50191629,1876,0,1747238404800298893,1
242,135,1004,Modify,,,50135084,4060,0,1747238404815307025,1
243,91,1010,Modify,,,49940968,1152,0,1747238404831161384,1
244,77,1006,Modify,,,49872997,3877,0,1747238404852736856,1
245,157,1019,New,Buy,Limit,50027121,2555,0,1747238404871094429,1
246,158,1017,New,Sell,Limit,50013793,2658,0,1747238404882518394,1
247,113,1014,Cancel,,,0,0,0,1747238404902675315,1
248,159,1018,New,Sell,Limit,49795749,4311,0,1747238404924818572,1
249,160,1009,New,Buy,Limit,49937060,719,0,1747238404939975155,1
250,139,1015,Modify,,,49875023,1844,0,1747238404950702442,1
251,121,1001,Modify,,,50080451,2378,0,1747238404970074499,1
252,161,1001,New,Buy,Limit,50162726,2501,1124,1747238404981868317,1
253,162,1009,New,Sell,Limit,49965356,1568,0,1747238405011030930,1
254,163,1015,New,Sell,Limit,49923925,2534,0,1747238405040191018,1
255,66,1011,Modify,,,49988401,3028,0,1747238405068605047,1
256,164,1017,New,Sell,Limit,49860606,3501,0,1747238405086820346,1
257,165,1003,New,Buy,Limit,49838985,1349,0,1747238405108621794,1
258,166,1012,New,Sell,Limit,50123821,656,0,1747238405137542889,1
259,167,1019,New,Buy,Limit,49875670,1894,0,1747238405154182617,1
260,125,1001,Cancel,,,0,0,0,1747238405182493733,1
261,168,1012,New,Buy,Limit,49800485,3847,0,1747238405212363174,1
262,131,1017,Modify,,,49961492,3976,0,1747238405230479344,1
263,122,1005,Modify,,,49799718,4357,0,1747238405248939733,1
264,169,1006,New,Buy,Limit,49974432,2919,0,1747238405260766969,1
265,170,1002,New,Buy,Limit,50098163,3217,0,1747238405284791553,1
266,171,1002,New,Buy,Limit,49854337,1390,0,1747238405308238870,1
267,172,1003,New,Sell,Limit,50194156,1114,886,1747238405335368854,1
268,109,1001,Cancel,,,0,0,0,1747238405346342373,1
269,173,1007,New,Sell,Limit,50162452,3183,1093,1747238405371700791,1
270,174,1003,New,Sell,Limit,49966041,1876,0,1747238405396532838,1
271,38,1005,Modify,,,50085834,3084,0,1747238405419380344,1
272,65,1017,Cancel,,,0,0,0,1747238405432211887,1
273,175,1014,New,Sell,Limit,50047596,4529,0,1747238405452538459,1
274,176,1007,New,Buy,Limit,50141020,2626,1103,1747238405474456528,1
275,177,1005,New,Sell,Limit,50020035,4574,0,1747238405486518727,1
276,122,1005,Cancel,,,0,0,0,1747238405507538203,1
277,21,1016,Modify,,,50072769,4078,0,1747238405522824648,1
278,161,1001,Cancel,,,0,0,0,1747238405537132629,1
279,178,1003,New,Buy,Limit,49860651,3301,0,1747238405555084412,1
280,179,1004,New,Sell,Limit,49871805,3148,0,1747238405584471014,1
281,180,1002,New,Buy,Limit,49844901,1844,0,1747238405606402770,1
282,181,1018,New,Sell,Limit,49876800,2471,0,1747238405630070351,1
283,145,1010,Cancel,,,0,0,0,1747238405646030308,1
284,182,1013,New,Buy,Limit,49956187,1105,0,1747238405658904946,1
285,183,1006,New,Buy,Limit,50164895,3903,1117,1747238405671429620,1
286,184,1019,New,Sell,Limit,49807456,2129,0,1747238405693653428,1
287,185,1019,New,Sell,Limit,49929273,1166,0,1747238405714760771,1
288,132,1003,Modify,,,50166453,1982,0,1747238405739950095,1
289,186,1020,New,Buy,Limit,50033185,4623,0,1747238405760735851,1
290,187,1015,New,Buy,Limit,50045685,3293,797,1747238405785756612,1
291,188,1011,New,Sell,Limit,50145091,541,1344,1747238405796352765,1
292,189,1008,New,Buy,Limit,50198208,2714,0,1747238405816908613,1
293,110,1001,Modify,,,49990341,2521,0,1747238405833101871,1
294,190,1011,New,Sell,Limit,50110162,1083,0,1747238405853976642,1
295,191,1004,New,Sell,Limit,50072312,2552,0,1747238405880165176,1
296,192,1006,New,Sell,Limit,49890722,3753,0,1747238405910090499,1
297,24,1017,Cancel,,,0,0,0,1747238405939515058,1
298,193,1017,New,Buy,Limit,50125911,1419,0,1747238405955491076,1
299,194,1004,New,Sell,Limit,49914142,4720,0,1747238405971179498,1
300,195,1017,New,Buy,Limit,49949668,2270,0,1747238405996121023,1
301,196,1011,New,Buy,Limit,49908069,2941,0,1747238406016916825,1
302,106,1013,Modify,,,49933111,2928,0,1747238406027501269,1
303,197,1016,New,Sell,Limit,49888478,1937,0,1747238406048286962,1
304,198,1002,New,Sell,Limit,49948490,2445,1204,1747238406063684953,1
305,199,1006,New,Sell,Limit,50055886,957,0,1747238406079055451,1
306,83,1015,Modify,,,49922263,4980,0,1747238406097425768,1
307,40,1012,Modify,,,49931689,838,0,1747238406114404406,1
308,200,1013,New,Buy,Limit,49927718,625,0,1747238406138493000,1
309,201,1014,New,Buy,Limit,50082586,578,0,1747238406149477533,1
310,202,1015,New,Buy,Limit,50155412,644,0,1747238406165477663,1
311,156,1002,Modify,,,49958750,2872,0,1747238406178263965,1
312,203,1012,New,Sell,Limit,50079531,2491,0,1747238406196007610,1
313,204,1007,New,Buy,Limit,49852918,1634,0,1747238406209124824,1
314,205,1016,New,Sell,Limit,50186596,1005,0,1747238406227122374,1
315,206,1008,New,Buy,Limit,50086292,1969,1377,1747238406244597409,1
316,130,1010,Modify,,,50064996,841,0,1747238406261532174,1
317,68,1006,Modify,,,50069608,1441,0,1747238406273197361,1
318,207,1011,New,Buy,Limit,50132684,1849,0,1747238406294784587,1
319,208,1007,New,Sell,Limit,50073254,3979,0,1747238406324309899,1
320,75,1010,Modify,,,49881533,995,0,1747238406339333231,1
321,209,1016,New,Buy,Limit,49862657,986,0,1747238406350563050,1
322,5,1009,Modify,,,50195654,3109,0,1747238406377076163,1
323,210,1020,New,Buy,Limit,49973902,1099,0,1747238406391111374,1
324,211,1009,New,Buy,Limit,50038347,3157,0,1747238406411292559,1
325,212,1019,New,Buy,Limit,49835371,1086,0,1747238406433633897,1
326,213,1019,New,Buy,Limit,50117694,701,0,1747238406458209934,1
327,158,1017,Cancel,,,0,0,0,1747238406479974432,1
328,214,1009,New,Buy,Limit,50091445,2986,0,1747238406498046990,1
329,215,1013,New,Sell,Limit,49941595,2933,0,1747238406518655667,1
330,156,1002,Modify,,,49939961,2631,0,1747238406542218601,1
331,216,1001,New,Sell,Limit,50109949,3178,657,1747238406568124992,1
332,217,1017,New,Buy,Limit,50082440,2731,0,1747238406596602340,1
333,56,1006,Modify,,,49883632,100,0,1747238406624712375,1
334,218,1002,New,Buy,Limit,49842468,2011,0,1747238406651562560,1
335,219,1012,New,Buy,Limit,50041626,1469,0,1747238406678765716,1
336,152,1002,Cancel,,,0,0,0,1747238406699746649,1
337,220,1001,New,Sell,Limit,50011035,1164,0,1747238406718037824,1
338,221,1009,New,Sell,Limit,49833822,3164,0,1747238406731253463,1
339,222,1017,New,Sell,Limit,49900482,3742,0,1747238406759571704,1
340,223,1008,New,Sell,Limit,50197994,1824,0,1747238406774426619,1
341,224,1020,New,Sell,Limit,50008242,2415,0,1747238406799696880,1
342,135,1004,Cancel,,,0,0,0,1747238406811391553,1
343,225,1015,New,Buy,Limit,50108421,4504,0,1747238406833695940,1
344,226,1011,New,Buy,Limit,50009995,4919,1179,1747238406859042809,1
345,227,1020,New,Sell,Limit,50197019,4777,753,1747238406888226063,1
346,228,1005,New,Sell,Limit,50134113,634,601,1747238406913006959,1
347,118,1014,Modify,,,50006529,4458,0,1747238406933524518,1
348,229,1009,New,Sell,Limit,50118404,4174,545,1747238406956448621,1
349,230,1003,New,Buy,Limit,49947842,1729,976,1747238406978642794,1
350,231,1020,New,Sell,Limit,50020443,4671,0,1747238406998656580,1
351,232,1005,New,Sell,Limit,49787652,3248,0,1747238407017049394,1
352,197,1016,Modify,,,49878582,999,0,1747238407030908045,1
353,233,1006,New,Sell,Limit,50012424,4644,0,1747238407054333753,1
354,234,1007,New,Buy,Limit,50214301,2065,0,1747238407064876383,1
355,214,1009,Modify,,,50109289,3308,0,1747238407093564405,1
356,235,1007,New,Sell,Limit,50051476,2369,829,1747238407106303048,1
357,236,1016,New,Buy,Limit,49974217,4879,0,1747238407131601764,1
358,217,1017,Modify,,,50067964,3153,0,1747238407158130304,1
359,87,1019,Cancel,,,0,0,0,1747238407172095913,1
360,237,1012,New,Buy,Limit,50108020,3899,0,1747238407191976792,1
361,238,1004,New,Sell,Limit,49881325,4433,0,1747238407212786923,1
362,239,1016,New,Sell,Limit,49958459,4612,0,1747238407229793374,1
363,240,1012,New,Buy,Limit,50066467,1875,0,1747238407247238665,1
364,241,1011,New,Buy,Limit,49939781,2604,0,1747238407274965023,1
365,89,1019,Modify,,,50139555,5103,0,1747238407287323497,1
366,140,1004,Cancel,,,0,0,0,1747238407299317916,1
367,242,1004,New,Buy,Limit,50166897,4932,0,1747238407312353030,1
368,243,1007,New,Sell,Limit,49980090,2018,0,1747238407337319515,1
369,244,1010,New,Sell,Limit,50006161,987,0,1747238407354502872,1
370,245,1005,New,Buy,Limit,50102648,566,0,1747238407375230938,1
371,246,1003,New,Sell,Limit,50183675,1007,0,1747238407403063314,1
372,190,1011,Modify,,,50132796,1355,0,1747238407420142286,1
373,247,1014,New,Sell,Limit,49850889,4896,0,1747238407432047379,1
374,248,1017,New,Buy,Limit,50076407,796,0,1747238407456032056,1
375,249,1014,New,Sell,Limit,50021267,4041,0,1747238407470480075,1
376,250,1016,New,Buy,Limit,49897737,3222,0,1747238407487212077,1
377,131,1017,Cancel,,,0,0,0,1747238407511836432,1
378,28,1011,Modify,,,50009611,3667,0,1747238407537987692,1
379,251,1019,New,Sell,Limit,49918952,4881,0,1747238407553574051,1
380,66,1011,Modify,,,49966711,2508,0,1747238407574331393,1
381,252,1014,New,Sell,Limit,49969185,2216,0,1747238407590074196,1
382,253,1010,New,Buy,Limit,50034173,2795,0,1747238407605839961,1
383,254,1020,New,Buy,Limit,49846456,4864,1415,1747238407623721121,1
384,30,1010,Modify,,,49863276,4935,0,1747238407640539410,1
385,255,1009,New,Sell,Limit,50209473,2946,0,1747238407653789524,1
386,256,1019,New,Sell,Limit,49996176,3289,0,1747238407665039033,1
387,257,1007,New,Buy,Limit,49870249,1236,0,1747238407685104243,1
388,258,1008,New,Sell,Limit,50187007,4125,0,1747238407709352803,1
389,259,1001,New,Buy,Limit,49989466,2449,0,1747238407732240764,1
390,260,1020,New,Sell,Limit,50097304,2542,0,1747238407752457906,1
391,261,1003,New,Sell,Limit,49864774,4413,0,1747238407782039154,1
392,223,1008,Modify,,,50194510,2804,0,1747238407807438495,1
393,262,1007,New,Sell,Limit,50114006,796,1391,1747238407827224418,1
394,263,1009,New,Buy,Limit,50235709,1048,0,1747238407850233368,1
395,264,1007,New,Buy,Limit,50139464,2114,852,1747238407871581310,1
396,100,1017,Modify,,,49818513,3210,0,1747238407887874143,1
397,265,1013,New,Buy,Limit,49906716,2821,1306,1747238407911706414,1
398,266,1001,New,Sell,Limit,50036476,1435,0,1747238407930800032,1
399,267,1002,New,Buy,Limit,50141074,3459,1214,1747238407946737828,1
400,103,1005,Modify,,,50089904,3328,0,1747238407975781082,1
401,268,1016,New,Sell,Limit,50068970,3155,0,1747238407989068291,1
402,269,1020,New,Buy,Limit,49854357,4757,0,1747238408001071506,1
403,270,1014,New,Sell,Limit,49983514,4442,0,1747238408020181927,1
404,91,1010,Modify,,,49957915,2120,0,1747238408050089554,1
405,164,1017,Modify,,,49837769,2920,0,1747238408068633106,1
406,230,1003,Modify,,,49954348,2509,0,1747238408079245188,1
407,106,1013,Cancel,,,0,0,0,1747238408100325518,1
408,235,1007,Cancel,,,0,0,0,1747238408127506224,1
409,271,1017,New,Buy,Limit,50151276,4884,0,1747238408142685062,1
410,108,1007,Modify,,,49938590,2580,0,1747238408167323178,1
411,272,1020,New,Sell,Limit,49972330,3779,0,1747238408184116387,1
412,273,1003,New,Buy,Limit,50051456,1315,0,1747238408206047177,1
413,274,1001,New,Buy,Limit,49885856,3433,0,1747238408226568872,1
414,275,1011,New,Buy,Limit,49827631,4565,0,1747238408238493212,1
415,276,1002,New,Buy,Limit,49837034,3316,0,1747238408253028117,1
416,277,1018,New,Sell,Limit,50078542,1524,0,1747238408264078713,1
417,73,1002,Modify,,,49961954,3901,0,1747238408275911685,1
418,30,1010,Modify,,,49889188,5376,0,1747238408302637923,1
419,273,1003,Cancel,,,0,0,0,1747238408329672253,1
420,278,1003,New,Sell,Limit,50007660,2373,0,1747238408343977995,1
421,279,1002,New,Sell,Limit,50092568,4111,0,1747238408367694522,1
422,280,1002,New,Sell,Limit,50128770,2653,0,1747238408387627540,1
423,281,1005,New,Sell,Limit,50118711,3927,0,1747238408404362792,1
424,282,1018,New,Buy,Limit,49897875,4208,0,1747238408422800391,1
425,283,1012,New,Buy,Limit,49858823,623,0,1747238408435725781,1
426,284,1015,New,Buy,Limit,49844623,4406,0,1747238408452109407,1
427,285,1015,New,Buy,Limit,49890106,677,0,1747238408474519226,1
428,286,1006,New,Buy,Limit,50130406,1355,1046,1747238408485993281,1
429,287,1013,New,Buy,Limit,49952823,1883,574,1747238408500431686,1
430,279,1002,Cancel,,,0,0,0,1747238408518724314,1
431,288,1002,New,Sell,Limit,50179383,800,0,1747238408539379720,1
432,289,1015,New,Buy,Limit,49926441,2187,0,1747238408566007521,1
433,290,1017,New,Buy,Limit,50237648,762,0,1747238408582978507,1
434,291,1020,New,Buy,Limit,50043087,530,0,1747238408596594487,1
435,45,1006,Cancel,,,0,0,0,1747238408609241672,1
436,79,1010,Cancel,,,0,0,0,1747238408625470845,1
437,292,1014,New,Buy,Limit,49890874,1377,0,1747238408654456398,1
438,293,1008,New,Buy,Limit,50030173,1036,0,1747238408670936467,1
439,294,1004,New,Sell,Limit,50017650,3176,0,1747238408698641228,1
440,295,1017,New,Buy,Limit,49795765,2106,1151,1747238408727593619,1
441,233,1006,Cancel,,,0,0,0,1747238408747159085,1
442,253,1010,Modify,,,50053660,2662,0,1747238408767196357,1
443,186,1020,Modify,,,50052635,4111,0,1747238408790520707,1
444,278,1003,Cancel,,,0,0,0,1747238408810768110,1
445,296,1010,New,Buy,Limit,50126844,2328,0,1747238408831647921,1
446,297,1002,New,Sell,Limit,49852489,2243,0,1747238408854132702,1
447,64,1011,Modify,,,49929872,3830,0,1747238408873659430,1
448,298,1011,New,Sell,Limit,50017519,2147,0,1747238408883953461,1
449,299,1012,New,Sell,Limit,50060657,4110,0,1747238408903833401,1
450,300,1004,New,Sell,Limit,50128960,2644,0,1747238408915566577,1
451,301,1004,New,Buy,Limit,49794513,2491,0,1747238408938424802,1
452,224,1020,Cancel,,,0,0,0,1747238408948938425,1
453,265,1013,Modify,,,49899965,2517,0,1747238408970147890,1
454,241,1011,Modify,,,49965389,2217,0,1747238408984653593,1
455,48,1004,Modify,,,49910539,1544,0,1747238409002558596,1
456,302,1005,New,Sell,Limit,49866022,1086,0,1747238409015910290,1
457,303,1007,New,Buy,Limit,49975151,2423,0,1747238409028440334,1
458,304,1014,New,Sell,Limit,50044253,4641,938,1747238409041803973,1
459,305,1013,New,Buy,Limit,49861059,3278,0,1747238409064263932,1
460,306,1015,New,Sell,Limit,50048954,4854,0,1747238409080724563,1
461,307,1010,New,Sell,Limit,49986025,2715,0,1747238409099081377,1
462,308,1013,New,Sell,Limit,50089169,4823,0,1747238409124391826,1
463,309,1018,New,Sell,Limit,50098592,4243,0,1747238409143869596,1
464,310,1005,New,Buy,Limit,50042001,2722,0,1747238409164497401,1
465,311,1014,New,Sell,Limit,49973390,4403,0,1747238409183277825,1
466,193,1017,Modify,,,50145078,2008,0,1747238409199829153,1
467,312,1011,New,Buy,Limit,49844153,1912,0,1747238409222802078,1
468,313,1006,New,Buy,Limit,49969182,2375,572,1747238409234495998,1
469,314,1013,New,Sell,Limit,50137978,2132,1390,1747238409248576915,1
470,315,1010,New,Buy,Limit,49851339,4348,0,1747238409267189011,1
471,316,1005,New,Buy,Limit,49966147,1164,1422,1747238409290688588,1
472,317,1016,New,Sell,Limit,49878813,989,0,1747238409314399046,1
473,318,1015,New,Sell,Limit,49928140,4736,0,1747238409326147299,1
474,319,1001,New,Sell,Limit,49925748,4996,0,1747238409345352884,1
475,320,1005,New,Buy,Limit,50112707,655,0,1747238409358587388,1
476,251,1019,Cancel,,,0,0,0,1747238409377374920,1
477,321,1014,New,Sell,Limit,50006996,3674,0,1747238409399658899,1
478,322,1013,New,Buy,Limit,50074126,2431,0,1747238409411016873,1
479,323,1019,New,Buy,Limit,50181531,3346,0,1747238409421609635,1
480,165,1003,Modify,,,49824628,496,0,1747238409450468133,1
481,324,1012,New,Buy,Limit,50035917,4367,0,1747238409471315398,1
482,325,1001,New,Buy,Limit,50162815,1390,0,1747238409485869634,1
483,326,1015,New,Buy,Limit,50080801,2663,0,1747238409505115159,1
484,115,1015,Cancel,,,0,0,0,1747238409526294747,1
485,327,1013,New,Buy,Limit,50057044,2630,0,1747238409547374679,1
486,77,1006,Modify,,,49899580,4604,0,1747238409572834950,1
487,328,1011,New,Buy,Limit,49938168,3439,0,1747238409599924547,1
488,329,1004,New,Sell,Limit,50148190,3425,0,1747238409621343138,1
489,330,1011,New,Buy,Limit,49957035,1489,0,1747238409637567731,1
490,331,1002,New,Buy,Limit,49895294,4852,0,1747238409650751276,1
491,28,1011,Cancel,,,0,0,0,1747238409673275561,1
492,272,1020,Modify,,,50001065,3252,0,1747238409689564128,1
493,332,1006,New,Buy,Limit,49971313,3069,0,1747238409710103687,1
494,198,1002,Modify,,,49932376,1783,0,1747238409722495748,1
495,305,1013,Modify,,,49847389,2604,0,1747238409743754975,1
496,124,1015,Modify,,,50161200,5212,0,1747238409755207938,1
497,333,1003,New,Buy,Limit,49936902,992,680,1747238409765436097,1
498,334,1003,New,Buy,Limit,50145011,551,0,1747238409795264154,1
499,335,1018,New,Buy,Limit,49892623,1800,0,1747238409811885654,1
500,336,1012,New,Buy,Limit,50032944,819,718,1747238409828333649,1
501,337,1007,New,Sell,Limit,49846767,2833,0,1747238409845909067,1
502,338,1007,New,Buy,Limit,50087944,3187,0,1747238409862276883,1
503,200,1013,Cancel,,,0,0,0,1747238409883030974,1
504,339,1004,New,Buy,Limit,49850913,1762,0,1747238409900965148,1
505,340,1013,New,Buy,Limit,49864434,3099,644,1747238409923091965,1
506,341,1018,New,Buy,Limit,50182726,561,583,1747238409938367989,1
507,159,1018,Cancel,,,0,0,0,1747238409960075957,1
508,342,1013,New,Sell,Limit,49996295,4130,0,1747238409970137608,1
509,205,1016,Modify,,,50179012,771,0,1747238409980667130,1
510,343,1003,New,Sell,Limit,49883371,4785,676,1747238409999177315,1
511,344,1016,New,Sell,Limit,50103483,4728,0,1747238410018666729,1
512,345,1017,New,Buy,Limit,50092109,2945,0,1747238410038063341,1
513,346,1020,New,Buy,Limit,50174628,4642,0,1747238410054830913,1
514,347,1009,New,Sell,Limit,49834972,797,0,1747238410077644857,1
515,348,1004,New,Sell,Limit,49868003,1041,0,1747238410088508661,1
516,349,1018,New,Buy,Limit,49808362,2658,0,1747238410103879039,1
517,66,1011,Cancel,,,0,0,0,1747238410125585251,1
518,350,1018,New,Buy,Limit,50005505,3151,1273,1747238410149386347,1
519,351,1014,New,Buy,Limit,50200405,3412,0,1747238410166328687,1
520,352,1009,New,Sell,Limit,50181385,3557,0,1747238410178387322,1
521,353,1005,New,Buy,Limit,50116763,3809,0,1747238410201420162,1
522,354,1004,New,Buy,Limit,49902097,2495,0,1747238410216493948,1
523,355,1007,New,Sell,Limit,49919396,4868,0,1747238410234363515,1
524,356,1015,New,Sell,Limit,50161001,2795,0,1747238410248020716,1
525,151,1008,Modify,,,50110948,3880,0,1747238410272658192,1
526,357,1011,New,Buy,Limit,50035518,2375,0,1747238410282723006,1
527,358,1019,New,Sell,Limit,49952743,1253,0,1747238410294325999,1
528,359,1019,New,Sell,Limit,49923057,1882,0,1747238410307380155,1
529,360,1003,New,Sell,Limit,50016049,3934,0,1747238410320065432,1
530,215,1013,Cancel,,,0,0,0,1747238410342868962,1
531,361,1011,New,Sell,Limit,50191965,2725,0,1747238410364542854,1
532,136,1007,Modify,,,50058318,3543,0,1747238410392998261,1
533,362,1020,New,Buy,Limit,49944779,1806,761,1747238410418139754,1
534,326,1015,Cancel,,,0,0,0,1747238410438554779,1
535,363,1018,New,Sell,Limit,49935224,1935,0,1747238410459155479,1
536,364,1004,New,Buy,Limit,49885084,1357,1099,1747238410471458718,1
537,60,1003,Modify,,,49940011,484,0,1747238410493596338,1
538,91,1010,Cancel,,,0,0,0,1747238410518533591,1
539,365,1004,New,Buy,Limit,50142657,4544,0,1747238410536364321,1
540,206,1008,Modify,,,50064045,1702,0,1747238410562168189,1
541,349,1018,Modify,,,49815566,2229,0,1747238410591771436,1
542,103,1005,Modify,,,50111095,3839,0,1747238410607308001,1
543,173,1007,Cancel,,,0,0,0,1747238410618863673,1
544,366,1004,New,Buy,Limit,50130203,4440,0,1747238410631735615,1
545,62,1014,Modify,,,49986292,4998,0,1747238410650040914,1
546,253,1010,Modify,,,50045278,2849,0,1747238410662445385,1
547,356,1015,Modify,,,50148006,3536,0,1747238410688071527,1
548,367,1005,New,Sell,Limit,50204211,1423,0,1747238410701486208,1
549,368,1001,New,Sell,Limit,50043073,1547,0,1747238410714542323,1
550,369,1010,New,Sell,Limit,50198350,3494,0,1747238410731780464,1
551,297,1002,Cancel,,,0,0,0,1747238410754374458,1
552,370,1015,New,Sell,Limit,49848075,3573,0,1747238410776639130,1
553,371,1014,New,Buy,Limit,49920267,1397,0,1747238410806307137,1
554,372,1005,New,Sell,Limit,50000431,4951,0,1747238410817689441,1
555,373,1019,New,Buy,Limit,50018878,814,0,1747238410846816173,1
556,374,1004,New,Sell,Limit,50047451,2925,0,1747238410864807453,1
557,57,1010,Modify,,,49927018,1918,0,1747238410879916497,1
558,319,1001,Modify,,,49916265,5376,0,1747238410898913709,1
559,375,1006,New,Sell,Limit,50158291,4015,1209,1747238410913593421,1
560,268,1016,Modify,,,50084340,3268,0,1747238410943426567,1
561,376,1007,New,Sell,Limit,50109050,4340,0,1747238410967194939,1
562,19,1002,Modify,,,50056457,4595,0,1747238410982436948,1
563,355,1007,Modify,,,49909641,4126,0,1747238411001020659,1
564,61,1019,Modify,,,50159104,2605,0,1747238411017002681,1
565,377,1001,New,Sell,Limit,50044567,4235,0,1747238411045564278,1
566,378,1020,New,Buy,Limit,50215126,4399,0,1747238411064140080,1
567,379,1002,New,Buy,Limit,50216567,2091,0,1747238411075489236,1
568,380,1008,New,Buy,Limit,49950184,2735,0,1747238411095436482,1
569,248,1017,Modify,,,50053965,942,0,1747238411121937109,1
570,381,1003,New,Buy,Limit,49932977,4485,0,1747238411141873739,1
571,105,1013,Modify,,,50166849,3755,0,1747238411160132875,1
572,382,1007,New,Sell,Limit,50067255,4430,1400,1747238411186321088,1
573,192,1006,Cancel,,,0,0,0,1747238411198273636,1
574,383,1006,New,Buy,Limit,50092893,4413,0,1747238411212710899,1
575,384,1013,New,Buy,Limit,50010513,2197,0,1747238411229529214,1
576,385,1001,New,Sell,Limit,50164434,871,0,1747238411243457575,1
577,386,1009,New,Sell,Limit,49855767,2887,0,1747238411268032926,1
578,249,1014,Modify,,,50050978,3092,0,1747238411289409713,1
579,269,1020,Modify,,,49832362,5534,0,1747238411302641920,1
580,51,1012,Modify,,,49955681,4018,0,1747238411327507921,1
581,92,1018,Modify,,,50077337,3734,0,1747238411351462557,1
582,387,1004,New,Buy,Limit,50155780,3875,0,1747238411366277483,1
583,388,1018,New,Sell,Limit,50155968,2666,0,1747238411391413960,1
584,219,1012,Modify,,,50049696,616,0,1747238411405238364,1
585,155,1019,Cancel,,,0,0,0,1747238411420710448,1
586,389,1012,New,Sell,Limit,50006303,3530,0,1747238411439132638,1
587,334,1003,Modify,,,50162906,436,0,1747238411462232619,1
588,329,1004,Cancel,,,0,0,0,1747238411484743195,1
589,390,1014,New,Buy,Limit,49891872,3088,976,1747238411507608062,1
590,391,1020,New,Buy,Limit,49876857,4380,0,1747238411528299874,1
591,180,1002,Cancel,,,0,0,0,1747238411538316226,1
592,392,1010,New,Sell,Limit,49992049,2847,0,1747238411561918438,1
593,169,1006,Modify,,,49975947,3230,0,1747238411584840137,1
594,393,1004,New,Buy,Limit,49996829,1893,0,1747238411597543810,1
595,394,1003,New,Buy,Limit,50036802,3077,0,1747238411615402960,1
596,395,1008,New,Buy,Limit,50005923,1380,0,1747238411631091897,1
597,396,1016,New,Sell,Limit,50018197,1074,0,1747238411650120571,1
598,397,1001,New,Sell,Limit,50038435,3919,0,1747238411680070873,1
599,26,1010,Cancel,,,0,0,0,1747238411694923609,1
600,398,1003,New,Sell,Limit,49839166,1728,0,1747238411709123010,1
601,399,1016,New,Sell,Limit,50001240,2905,0,1747238411739005618,1
602,400,1005,New,Buy,Limit,49830422,3862,0,1747238411766530089,1
603,401,1002,New,Buy,Limit,49880207,2121,0,1747238411795479814,1
604,402,1002,New,Buy,Limit,50222384,1284,768,1747238411816795010,1
605,403,1004,New,Sell,Limit,50022541,4262,0,1747238411828681756,1
606,404,1009,New,Sell,Limit,49957781,1386,0,1747238411855862019,1
607,405,1009,New,Sell,Limit,49778810,1757,0,1747238411874163680,1
608,406,1001,New,Sell,Limit,49939915,4799,0,1747238411891235527,1
609,162,1009,Cancel,,,0,0,0,1747238411911608979,1
610,407,1011,New,Sell,Limit,50080802,1440,0,1747238411929000356,1
611,408,1005,New,Sell,Limit,50025791,4899,748,1747238411958994305,1
612,301,1004,Modify,,,49774606,2366,0,1747238411975195843,1
613,409,1019,New,Sell,Limit,49881418,4635,0,1747238411997503177,1
614,410,1010,New,Sell,Limit,50059679,1984,0,1747238412024072326,1
615,411,1020,New,Buy,Limit,49991924,3771,0,1747238412052242337,1
616,151,1008,Modify,,,50118471,4413,0,1747238412075446129,1
617,412,1007,New,Sell,Limit,49830674,4528,1250,1747238412089875188,1
618,413,1016,New,Buy,Limit,50063926,1218,0,1747238412103201971,1
619,142,1012,Modify,,,49868246,2139,0,1747238412118163067,1
620,414,1007,New,Buy,Limit,50043723,4280,0,1747238412134311142,1
621,415,1020,New,Buy,Limit,50162796,3603,0,1747238412160121790,1
622,38,1005,Cancel,,,0,0,0,1747238412177662314,1
623,83,1015,Cancel,,,0,0,0,1747238412196949617,1
624,127,1002,Modify,,,50131532,1689,0,1747238412209837260,1
625,416,1009,New,Sell,Limit,50177070,1863,0,1747238412235875846,1
626,417,1002,New,Buy,Limit,50048658,4401,0,1747238412257820581,1
627,418,1017,New,Buy,Limit,50016043,620,0,1747238412275755983,1
628,419,1003,New,Sell,Limit,50082625,3391,759,1747238412285831726,1
629,420,1001,New,Sell,Limit,49922210,1743,0,1747238412315064117,1
630,112,1010,Modify,,,49922465,4009,0,1747238412330769799,1
631,421,1007,New,Sell,Limit,50129966,1062,0,1747238412346500023,1
632,422,1010,New,Sell,Limit,50028094,3528,0,1747238412364067291,1
633,423,1003,New,Sell,Limit,49870127,3704,0,1747238412376413911,1
634,327,1013,Modify,,,50047887,3331,0,1747238412405454242,1
635,424,1015,New,Buy,Limit,50066241,4625,0,1747238412424757715,1
636,175,1014,Cancel,,,0,0,0,1747238412450511129,1
637,425,1004,New,Sell,Limit,50055824,2505,0,1747238412476485636,1
638,426,1001,New,Buy,Limit,49941818,1229,1435,1747238412498452486,1
639,427,1019,New,Sell,Limit,50201826,4258,0,1747238412517299707,1
640,428,1005,New,Buy,Limit,50034054,1171,0,1747238412541611342,1
641,429,1013,New,Sell,Limit,50120987,3238,0,1747238412556798893,1
642,430,1005,New,Sell,Limit,49819871,2806,0,1747238412577493330,1
643,431,1006,New,Sell,Limit,49949409,1669,0,1747238412600901962,1
644,432,1018,New,Buy,Limit,49930387,3604,0,1747238412620609773,1
645,433,1019,New,Sell,Limit,50108119,2647,1340,1747238412644231836,1
646,434,1004,New,Sell,Limit,49960220,3854,0,1747238412661029953,1
647,153,1006,Modify,,,50175834,1415,0,1747238412689326116,1
648,300,1004,Modify,,,50142516,2131,0,1747238412713735625,1
649,435,1015,New,Sell,Limit,50118754,1728,0,1747238412738727848,1
650,101,1017,Modify,,,50109486,1936,0,1747238412751752115,1
651,436,1012,New,Sell,Limit,49763242,2273,0,1747238412776197965,1
652,437,1008,New,Sell,Limit,50047936,3749,0,1747238412796828768,1
653,249,1014,Modify,,,50058930,2779,0,1747238412818649436,1
654,438,1003,New,Sell,Limit,50138029,1181,0,1747238412835948229,1
655,439,1020,New,Sell,Limit,50134637,2267,0,1747238412853934095,1
656,440,1020,New,Sell,Limit,50144985,1035,587,1747238412877228531,1
657,256,1019,Modify,,,50010794,4250,0,1747238412891558985,1
658,441,1004,New,Sell,Limit,50064851,2748,0,1747238412902761899,1
659,442,1015,New,Sell,Limit,49848039,2518,0,1747238412918981091,1
660,320,1005,Modify,,,50087971,895,0,1747238412938410816,1
661,443,1001,New,Buy,Limit,49901130,555,513,1747238412956202364,1
662,444,1002,New,Sell,Limit,49978480,3468,0,1747238412982574435,1
663,445,1017,New,Buy,Limit,49985869,2529,0,1747238412992784907,1
664,71,1015,Modify,,,49969733,1512,0,1747238413018797180,1
665,446,1016,New,Sell,Limit,49836609,4076,0,1747238413043535815,1
666,337,1007,Modify,,,49854293,3327,0,1747238413063828024,1
667,119,1012,Cancel,,,0,0,0,1747238413075289957,1
668,447,1018,New,Buy,Limit,49902297,2249,0,1747238413086685434,1
669,448,1001,New,Buy,Limit,50160319,3868,0,1747238413101090195,1
670,449,1001,New,Sell,Limit,49834429,3034,0,1747238413125997112,1
671,450,1010,New,Buy,Limit,49893361,624,0,1747238413147717671,1
672,451,1017,New,Sell,Limit,50107915,549,0,1747238413163415847,1
673,452,1012,New,Sell,Limit,50095545,3504,0,1747238413190364978,1
674,453,1002,New,Sell,Limit,49950668,3466,0,1747238413210983608,1
675,262,1007,Modify,,,50103694,1064,0,1747238413223507437,1
676,454,1005,New,Buy,Limit,50176236,3207,0,1747238413245718179,1
677,455,1006,New,Sell,Limit,49913651,3615,0,1747238413270987699,1
678,216,1001,Cancel,,,0,0,0,1747238413289269813,1
679,456,1004,New,Buy,Limit,49949230,3881,0,1747238413315085742,1
680,457,1016,New,Buy,Limit,49893205,557,0,1747238413342003390,1
681,458,1015,New,Buy,Limit,49843636,3543,0,1747238413365660614,1
682,193,1017,Modify,,,50160484,2935,0,1747238413378132056,1
683,459,1020,New,Sell,Limit,49856881,4876,0,1747238413393305134,1
684,460,1001,New,Buy,Limit,50041364,1896,0,1747238413411400153,1
685,461,1006,New,Buy,Limit,50047103,1644,0,1747238413441001795,1
686,362,1020,Modify,,,49923407,1610,0,1747238413452317994,1
687,462,1013,New,Buy,Limit,50068002,4527,0,1747238413463256574,1
688,97,1020,Modify,,,49952274,2514,0,1747238413474939890,1
689,372,1005,Modify,,,49972090,5624,0,1747238413501696195,1
690,463,1020,New,Buy,Limit,49958783,1899,0,1747238413527004765,1
691,464,1010,New,Buy,Limit,50131163,1545,0,1747238413549957618,1
692,465,1007,New,Sell,Limit,50118877,2960,0,1747238413571454571,1
693,466,1006,New,Buy,Limit,49949385,2699,0,1747238413581605499,1
694,467,1011,New,Buy,Limit,49998741,4726,0,1747238413593819484,1
695,468,1013,New,Buy,Limit,50083525,4325,0,1747238413611849404,1
696,469,1020,New,Buy,Limit,50168577,3359,0,1747238413633715133,1
697,178,1003,Cancel,,,0,0,0,1747238413661457207,1
698,470,1019,New,Buy,Limit,50109812,1638,0,1747238413689642270,1
699,471,1009,New,Sell,Limit,50213798,2782,1487,1747238413702320523,1
700,84,1007,Modify,,,49814388,1451,0,1747238413723234611,1
701,472,1018,New,Buy,Limit,50145713,536,0,1747238413748789264,1
702,473,1008,New,Sell,Limit,50215572,1918,0,1747238413773153623,1
703,133,1008,Modify,,,49997713,1940,0,1747238413795228988,1
704,474,1018,New,Sell,Limit,49821735,3038,782,1747238413808489005,1
705,194,1004,Cancel,,,0,0,0,1747238413838003459,1
706,475,1004,New,Sell,Limit,50139250,2226,1335,1747238413861789715,1
707,476,1012,New,Buy,Limit,50041068,1323,0,1747238413875855266,1
708,477,1001,New,Sell,Limit,50083165,3644,0,1747238413894370603,1
709,478,1004,New,Sell,Limit,50063809,2326,0,1747238413915576404,1
710,479,1003,New,Sell,Limit,50099224,1805,0,1747238413930442361,1
711,480,1016,New,Buy,Limit,50089727,500,0,1747238413943314341,1
712,274,1001,Cancel,,,0,0,0,1747238413964291926,1
713,9,1009,Modify,,,50050376,4200,0,1747238413976453571,1
714,481,1009,New,Sell,Limit,49907729,936,0,1747238414003830872,1
715,482,1003,New,Sell,Limit,50132691,4515,0,1747238414019157528,1
716,483,1006,New,Buy,Limit,49860102,2176,0,1747238414033682940,1
717,435,1015,Modify,,,50137152,2626,0,1747238414047583266,1
718,484,1010,New,Buy,Limit,49799451,3516,0,1747238414077341244,1
719,485,1010,New,Sell,Limit,49870491,2239,892,1747238414104641711,1
720,486,1006,New,Buy,Limit,49911870,721,1397,1747238414127832339,1
721,487,1006,New,Buy,Limit,50100157,2285,0,1747238414149112934,1
722,488,1001,New,Sell,Limit,50115799,4431,0,1747238414162806235,1
723,247,1014,Modify,,,49840391,5072,0,1747238414181365236,1
724,211,1009,Cancel,,,0,0,0,1747238414208292646,1
725,489,1003,New,Buy,Limit,50122163,1786,0,1747238414225760214,1
726,490,1007,New,Buy,Limit,50076506,3611,0,1747238414236845195,1
727,491,1011,New,Buy,Limit,49886739,4520,0,1747238414258670508,1
728,492,1003,New,Sell,Limit,49888386,2695,0,1747238414273291672,1
729,493,1013,New,Buy,Limit,49799005,4780,0,1747238414288398891,1
730,204,1007,Modify,,,49857708,1364,0,1747238414311106966,1
731,494,1018,New,Buy,Limit,50230569,1098,0,1747238414332736384,1
732,495,1020,New,Buy,Limit,50072729,4070,0,1747238414361973392,1
733,496,1004,New,Sell,Limit,50155329,4809,530,1747238414376304945,1
734,497,1001,New,Sell,Limit,50051375,4597,0,1747238414396763858,1
735,361,1011,Cancel,,,0,0,0,1747238414426386542,1
736,498,1005,New,Buy,Limit,50071593,2663,1485,1747238414439270967,1
737,499,1017,New,Sell,Limit,50151761,3901,0,1747238414457577500,1
738,500,1019,New,Buy,Limit,50080698,4189,0,1747238414474322713,1
739,310,1005,Modify,,,50016948,3403,0,1747238414485710951,1
740,501,1008,New,Sell,Limit,50230681,1698,0,1747238414501572296,1
741,502,1015,New,Buy,Limit,50019540,4151,0,1747238414514328139,1
742,32,1002,Cancel,,,0,0,0,1747238414535815237,1
743,503,1009,New,Buy,Limit,50046933,2398,0,1747238414558894946,1
744,504,1008,New,Sell,Limit,49949816,2751,0,1747238414573779079,1
745,112,1010,Cancel,,,0,0,0,1747238414594256326,1
746,505,1010,New,Buy,Limit,50153086,1381,0,1747238414622619613,1
747,506,1002,New,Sell,Limit,49951913,1649,986,1747238414636326340,1
748,507,1011,New,Sell,Limit,49951982,1081,0,1747238414646385132,1
749,508,1007,New,Buy,Limit,50038249,2121,832,1747238414657475862,1
750,509,1020,New,Buy,Limit,50207606,1488,0,1747238414684313992,1
751,510,1014,New,Sell,Limit,49858465,1014,0,1747238414708980985,1
752,511,1015,New,Sell,Limit,50210183,2053,0,1747238414738972518,1
753,268,1016,Cancel,,,0,0,0,1747238414753360910,1
754,512,1009,New,Sell,Limit,49928291,1689,0,1747238414766882377,1
755,204,1007,Cancel,,,0,0,0,1747238414788795340,1
756,513,1002,New,Sell,Limit,49979439,1388,1002,1747238414799719203,1
757,514,1020,New,Sell,Limit,49936973,3293,0,1747238414828295577,1
758,515,1016,New,Sell,Limit,50003205,1416,1317,1747238414843482196,1
759,516,1005,New,Sell,Limit,49999904,1387,0,1747238414859693203,1
760,517,1012,New,Buy,Limit,50137902,2401,0,1747238414881036909,1
761,518,1014,New,Buy,Limit,50045718,935,0,1747238414892558075,1
762,519,1018,New,Sell,Limit,50114199,2951,0,1747238414916265033,1
763,520,1004,New,Buy,Limit,50046820,3311,0,1747238414930361777,1
764,376,1007,Cancel,,,0,0,0,1747238414942240513,1
765,521,1006,New,Sell,Limit,49889747,2536,0,1747238414967961153,1
766,415,1020,Modify,,,50162073,4416,0,1747238414994553705,1
767,522,1012,New,Sell,Limit,50130658,911,1058,1747238415008664027,1
768,75,1010,Cancel,,,0,0,0,1747238415019227954,1
769,385,1001,Modify,,,50171262,100,0,1747238415029892379,1
770,523,1005,New,Sell,Limit,49844704,1375,1215,1747238415059364158,1
771,524,1020,New,Buy,Limit,50058860,2060,0,1747238415076077447,1
772,525,1018,New,Buy,Limit,49947600,740,0,1747238415090703591,1
773,526,1002,New,Sell,Limit,50138753,2244,0,1747238415109169418,1
774,430,1005,Modify,,,49822551,3699,0,1747238415123837053,1
775,430,1005,Modify,,,49843623,3123,0,1747238415137200191,1
776,527,1010,New,Buy,Limit,50020477,4895,0,1747238415156752096,1
777,528,1005,New,Buy,Limit,50136321,4468,0,1747238415172721239,1
778,529,1015,New,Sell,Limit,50231070,3191,0,1747238415188076147,1
779,530,1017,New,Buy,Limit,50128162,3868,0,1747238415202296666,1
780,430,1005,Modify,,,49840749,4037,0,1747238415213558499,1
781,531,1018,New,Sell,Limit,49866521,4895,0,1747238415225241864,1
782,138,1007,Cancel,,,0,0,0,1747238415251221121,1
783,532,1014,New,Buy,Limit,50083947,2870,0,1747238415273025812,1
784,509,1020,Modify,,,50226160,919,0,1747238415287454827,1
785,533,1003,New,Buy,Limit,49996313,2517,0,1747238415307571730,1
786,281,1005,Modify,,,50111566,3320,0,1747238415332493559,1
787,534,1018,New,Sell,Limit,50217254,3529,0,1747238415353127523,1
788,535,1010,New,Buy,Limit,49994138,2842,0,1747238415363563868,1
789,536,1013,New,Sell,Limit,49776966,4597,1172,1747238415388531454,1
790,537,1014,New,Sell,Limit,49915253,3761,0,1747238415413356627,1
791,538,1006,New,Buy,Limit,50190270,3195,1003,1747238415434676627,1
792,539,1005,New,Buy,Limit,50042303,4211,0,1747238415458151138,1
793,540,1018,New,Buy,Limit,49990304,1027,0,1747238415481807573,1
794,541,1010,New,Buy,Limit,50033024,2791,0,1747238415504040397,1
795,542,1002,New,Sell,Limit,50010075,652,0,1747238415524857553,1
796,543,1006,New,Buy,Limit,49873436,2383,0,1747238415551093242,1
797,304,1014,Modify,,,50039955,4502,0,1747238415562832750,1
798,544,1015,New,Sell,Limit,49978672,2738,1235,1747238415574219064,1
799,136,1007,Modify,,,50082090,2796,0,1747238415588218186,1
800,256,1019,Modify,,,50001571,3852,0,1747238415603098001,1
801,545,1008,New,Sell,Limit,50065677,3164,0,1747238415631897851,1
802,546,1018,New,Sell,Limit,49918849,4437,0,1747238415658327439,1
803,547,1012,New,Sell,Limit,50107843,2286,642,1747238415672697229,1
804,548,1011,New,Buy,Limit,49925508,4643,0,1747238415693380303,1
805,123,1014,Modify,,,49986079,890,0,1747238415710176674,1
806,549,1011,New,Sell,Limit,50004175,2747,0,1747238415736796724,1
807,550,1006,New,Buy,Limit,50156936,3954,0,1747238415761892214,1
808,551,1014,New,Sell,Limit,49939581,794,0,1747238415772205927,1
809,552,1010,New,Sell,Limit,50135195,3859,0,1747238415786473849,1
810,553,1020,New,Buy,Limit,50064844,2557,0,1747238415812880102,1
811,554,1007,New,Buy,Limit,49854894,2239,0,1747238415832569130,1
812,555,1004,New,Sell,Limit,50013908,884,0,1747238415861747069,1
813,556,1010,New,Sell,Limit,49956722,1891,0,1747238415874934263,1
814,557,1018,New,Buy,Limit,49880565,3301,0,1747238415899860182,1
815,543,1006,Modify,,,49856457,2181,0,1747238415911827862,1
816,558,1013,New,Sell,Limit,49888804,709,0,1747238415922712990,1
817,559,1002,New,Sell,Limit,49855363,595,0,1747238415945171003,1
818,560,1006,New,Sell,Limit,50197926,1921,0,1747238415956464681,1
819,504,1008,Cancel,,,0,0,0,1747238415984916160,1
820,561,1005,New,Sell,Limit,50080390,1966,0,1747238416005857340,1
821,562,1015,New,Buy,Limit,50052321,1019,0,1747238416031836966,1
822,563,1014,New,Sell,Limit,50051653,4348,0,1747238416046222817,1
823,564,1008,New,Sell,Limit,50197104,2924,0,1747238416059485395,1
824,565,1020,New,Sell,Limit,50109005,1544,0,1747238416071101182,1
825,566,1003,New,Sell,Limit,49912051,4930,0,1747238416090698016,1
826,296,1010,Cancel,,,0,0,0,1747238416115553640,1
827,567,1011,New,Sell,Limit,49779505,3049,0,1747238416132609804,1
828,568,1012,New,Buy,Limit,50034638,1573,0,1747238416155705629,1
829,550,1006,Modify,,,50170334,4546,0,1747238416178709510,1
830,569,1008,New,Sell,Limit,50053273,3344,0,1747238416194931321,1
831,570,1016,New,Buy,Limit,49919177,4070,0,1747238416218085508,1
832,571,1002,New,Buy,Limit,49917982,3583,0,1747238416239655808,1
833,572,1009,New,Buy,Limit,50059467,4555,0,1747238416258791980,1
834,573,1013,New,Sell,Limit,50071058,1089,0,1747238416276694615,1
835,167,1019,Cancel,,,0,0,0,1747238416290850054,1
836,574,1020,New,Sell,Limit,50052266,1679,0,1747238416313306336,1
837,575,1006,New,Sell,Limit,49871853,1519,0,1747238416324886080,1
838,576,1017,New,Buy,Limit,49977329,4771,804,1747238416345424502,1
839,277,1018,Modify,,,50089450,933,0,1747238416359452455,1
840,577,1009,New,Sell,Limit,49863745,2055,0,1747238416370361948,1
841,578,1012,New,Buy,Limit,49893232,2158,0,1747238416383079780,1
842,579,1009,New,Buy,Limit,50179169,3356,0,1747238416396031063,1
843,403,1004,Cancel,,,0,0,0,1747238416418919194,1
844,580,1004,New,Sell,Limit,50139453,3556,0,1747238416430935515,1
845,581,1001,New,Buy,Limit,49939575,1547,719,1747238416448107886,1
846,582,1002,New,Sell,Limit,50150123,1756,0,1747238416467637730,1
847,583,1001,New,Sell,Limit,50125500,1401,1236,1747238416497407117,1
848,584,1018,New,Sell,Limit,49764456,3868,0,1747238416511761692,1
849,386,1009,Modify,,,49830024,3766,0,1747238416529075437,1
850,532,1014,Modify,,,50099713,3094,0,1747238416557203611,1
851,585,1015,New,Sell,Limit,49838434,4047,0,1747238416579785866,1
852,586,1005,New,Sell,Limit,50136826,1747,0,1747238416590103579,1
853,587,1002,New,Buy,Limit,50109081,3634,0,1747238416601324838,1
854,588,1020,New,Buy,Limit,50035009,3245,0,1747238416621552837,1
855,427,1019,Modify,,,50186658,4283,0,1747238416651162459,1
856,589,1017,New,Buy,Limit,50083716,2816,0,1747238416672394619,1
857,590,1019,New,Sell,Limit,50016802,2859,0,1747238416687750216,1
858,591,1019,New,Sell,Limit,50138654,1862,0,1747238416707668143,1
859,98,1010,Modify,,,50123290,4015,0,1747238416732862353,1
860,176,1007,Modify,,,50111273,2814,0,1747238416748055325,1
861,592,1006,New,Buy,Limit,50092704,2951,0,1747238416769775317,1
862,593,1016,New,Sell,Limit,50128386,1155,0,1747238416781838011,1
863,594,1018,New,Sell,Limit,50153117,2278,0,1747238416807920272,1
864,595,1001,New,Buy,Limit,49862481,1526,0,1747238416829633830,1
865,596,1007,New,Buy,Limit,49969464,4588,1260,1747238416843100183,1
866,99,1004,Modify,,,49872141,4033,0,1747238416853535654,1
867,597,1014,New,Sell,Limit,50094875,791,0,1747238416880424702,1
868,239,1016,Cancel,,,0,0,0,1747238416896407139,1
869,598,1002,New,Buy,Limit,49857122,3325,0,1747238416907188319,1
870,599,1004,New,Buy,Limit,49928161,4620,0,1747238416917396600,1
871,600,1002,New,Sell,Limit,50032454,1049,1067,1747238416931173235,1
872,52,1012,Modify,,,50017108,738,0,1747238416941859097,1
873,601,1012,New,Buy,Limit,49826948,2035,0,1747238416957217604,1
874,602,1016,New,Sell,Limit,49968912,1166,1361,1747238416972018257,1
875,108,1007,Modify,,,49916274,2357,0,1747238416993739790,1
876,603,1003,New,Buy,Limit,50053648,898,0,1747238417008868817,1
877,604,1009,New,Sell,Limit,50030351,2430,0,1747238417022423077,1
878,605,1013,New,Buy,Limit,50180443,4762,0,1747238417049416836,1
879,606,1019,New,Sell,Limit,50042174,4028,1412,1747238417065822284,1
880,607,1017,New,Sell,Limit,49884404,1765,0,1747238417094356036,1
881,608,1013,New,Buy,Limit,49911585,4606,0,1747238417122868512,1
882,609,1016,New,Sell,Limit,49914461,1755,0,1747238417138296164,1
883,610,1017,New,Sell,Limit,50050361,4825,0,1747238417163044966,1
884,611,1005,New,Sell,Limit,50036013,4062,852,1747238417180341269,1
885,449,1001,Modify,,,49820402,3319,0,1747238417200925393,1
886,612,1012,New,Sell,Limit,50014852,4247,0,1747238417216951801,1
887,435,1015,Modify,,,50110089,1648,0,1747238417238422644,1
888,613,1008,New,Sell,Limit,50058232,4464,0,1747238417258183052,1
889,614,1008,New,Buy,Limit,49858942,1580,0,1747238417288059989,1
890,615,1018,New,Sell,Limit,50080789,1225,1464,1747238417309845797,1
891,616,1011,New,Buy,Limit,49838610,3033,0,1747238417329570053,1
892,617,1004,New,Buy,Limit,49808141,3635,1214,1747238417349277029,1
893,618,1019,New,Sell,Limit,49790967,1019,0,1747238417367238588,1
894,568,1012,Cancel,,,0,0,0,1747238417390161507,1
895,619,1009,New,Buy,Limit,50055501,1982,0,1747238417416556179,1
896,255,1009,Modify,,,50188889,2813,0,1747238417426612309,1
897,620,1003,New,Buy,Limit,49958013,910,0,1747238417443224613,1
898,621,1011,New,Sell,Limit,50051741,4477,0,1747238417464714769,1
899,622,1013,New,Buy,Limit,50130129,1387,0,1747238417493134659,1
900,623,1017,New,Sell,Limit,50028564,2308,0,1747238417520064692,1
901,624,1006,New,Sell,Limit,50061258,797,0,1747238417534300190,1
902,221,1009,Cancel,,,0,0,0,1747238417558642769,1
903,625,1013,New,Buy,Limit,49840059,1324,0,1747238417571594061,1
904,626,1007,New,Buy,Limit,50164842,2408,0,1747238417601177272,1
905,627,1020,New,Buy,Limit,49779359,3849,0,1747238417621317457,1
906,550,1006,Modify,,,50165332,4983,0,1747238417639518607,1
907,628,1015,New,Buy,Limit,49961491,2279,0,1747238417668776851,1
908,151,1008,Modify,,,50098026,3989,0,1747238417692175453,1
909,629,1019,New,Buy,Limit,49819997,3126,0,1747238417717056620,1
910,503,1009,Cancel,,,0,0,0,1747238417737660660,1
911,630,1004,New,Buy,Limit,49913130,1990,0,1747238417749199785,1
912,631,1007,New,Buy,Limit,50158914,1277,0,1747238417769215664,1
913,632,1014,New,Buy,Limit,49880815,4413,0,1747238417788824841,1
914,633,1020,New,Buy,Limit,50056166,2966,1484,1747238417805600171,1
915,634,1012,New,Buy,Limit,50028588,4671,0,1747238417822911726,1
916,635,1017,New,Buy,Limit,49881241,4722,0,1747238417837771063,1
917,394,1003,Cancel,,,0,0,0,1747238417848024650,1
918,636,1011,New,Buy,Limit,49831410,2729,0,1747238417867394313,1
919,250,1016,Cancel,,,0,0,0,1747238417888015950,1
920,637,1004,New,Sell,Limit,50198312,1067,0,1747238417909552868,1
921,601,1012,Cancel,,,0,0,0,1747238417932098729,1
922,638,1017,New,Buy,Limit,50138116,3155,0,1747238417949648860,1
923,639,1014,New,Sell,Limit,50154403,4780,0,1747238417960200846,1
924,640,1020,New,Sell,Limit,49913307,2041,0,1747238417983817378,1
925,641,1012,New,Sell,Limit,49975485,3301,0,1747238418007688235,1
926,414,1007,Modify,,,50033631,3334,0,1747238418026869005,1
927,642,1020,New,Buy,Limit,50179767,2322,1471,1747238418048829017,1
928,643,1002,New,Buy,Limit,50085388,4556,0,1747238418072524328,1
929,418,1017,Cancel,,,0,0,0,1747238418101085665,1
930,644,1005,New,Sell,Limit,49793602,850,0,1747238418119242980,1
931,39,1007,Modify,,,49793893,4295,0,1747238418140973303,1
932,645,1014,New,Buy,Limit,50030764,2962,0,1747238418162874004,1
933,238,1004,Modify,,,49862194,3887,0,1747238418184765227,1
934,646,1016,New,Sell,Limit,50144646,4425,0,1747238418196477070,1
935,647,1011,New,Sell,Limit,49850359,802,753,1747238418206685778,1
936,648,1010,New,Buy,Limit,49957220,1535,0,1747238418219854709,1
937,649,1017,New,Buy,Limit,50058986,928,0,1747238418233089019,1
938,298,1011,Modify,,,50035378,1395,0,1747238418256858847,1
939,389,1012,Modify,,,50030759,4453,0,1747238418285130953,1
940,650,1018,New,Sell,Limit,49867838,3130,0,1747238418304858008,1
941,651,1002,New,Sell,Limit,50093461,4015,762,1747238418331743204,1
942,652,1002,New,Sell,Limit,50153375,559,0,1747238418347357925,1
943,653,1016,New,Sell,Limit,50123439,3476,0,1747238418369135206,1
944,654,1009,New,Sell,Limit,50034046,4077,0,1747238418383504644,1
945,265,1013,Modify,,,49914248,3304,0,1747238418396089670,1
946,655,1009,New,Buy,Limit,50103007,3212,0,1747238418414866524,1
947,174,1003,Modify,,,49976965,1160,0,1747238418430017798,1
948,656,1015,New,Sell,Limit,49837958,4249,0,1747238418458521560,1
949,657,1008,New,Sell,Limit,49858390,742,0,1747238418472971157,1
950,658,1019,New,Buy,Limit,49944698,4397,0,1747238418497228913,1
951,659,1015,New,Sell,Limit,50002686,3460,0,1747238418507667340,1
952,651,1002,Modify,,,50087093,3090,0,1747238418521492604,1
953,400,1005,Modify,,,49853817,4224,0,1747238418533188298,1
954,660,1001,New,Buy,Limit,49792320,3404,0,1747238418551857989,1
955,661,1008,New,Sell,Limit,49963057,1937,0,1747238418563574443,1
956,177,1005,Modify,,,49993516,5441,0,1747238418576327428,1
957,662,1016,New,Sell,Limit,50036603,4676,0,1747238418599961086,1
958,663,1009,New,Buy,Limit,49967899,1234,1485,1747238418621230173,1
959,659,1015,Modify,,,50011060,2710,0,1747238418638684833,1
960,341,1018,Modify,,,50211218,100,0,1747238418656282128,1
961,365,1004,Cancel,,,0,0,0,1747238418678122552,1
962,664,1020,New,Sell,Limit,49880910,2821,0,1747238418689878092,1
963,665,1009,New,Sell,Limit,50017013,1008,1493,1747238418708880802,1
964,561,1005,Cancel,,,0,0,0,1747238418723465268,1
965,535,1010,Cancel,,,0,0,0,1747238418751672125,1
966,666,1009,New,Buy,Limit,49932728,2092,0,1747238418763433714,1
967,11,1006,Modify,,,49865752,657,0,1747238418789461551,1
968,667,1007,New,Buy,Limit,49950778,1947,0,1747238418805817746,1
969,668,1003,New,Sell,Limit,49974864,748,679,1747238418824944962,1
970,315,1010,Modify,,,49879705,5343,0,1747238418846687389,1
971,473,1008,Modify,,,50204935,2215,0,1747238418864444398,1
972,53,1004,Cancel,,,0,0,0,1747238418888314674,1
973,669,1015,New,Sell,Limit,50247066,755,0,1747238418918131076,1
974,670,1001,New,Buy,Limit,49904214,2773,0,1747238418944097799,1
975,237,1012,Modify,,,50122591,3336,0,1747238418961400615,1
976,671,1008,New,Buy,Limit,49890593,1624,0,1747238418978208429,1
977,219,1012,Modify,,,50058601,1483,0,1747238418991600583,1
978,217,1017,Modify,,,50088873,3094,0,1747238419004454063,1
979,672,1003,New,Sell,Limit,49800146,2661,1321,1747238419026870998,1
980,673,1017,New,Buy,Limit,50135364,1606,832,1747238419048655680,1
981,354,1004,Modify,,,49909323,2806,0,1747238419066511332,1
982,674,1018,New,Buy,Limit,50082725,3148,0,1747238419090439651,1
983,675,1009,New,Buy,Limit,50019176,606,0,1747238419104498570,1
984,676,1014,New,Sell,Limit,50131645,2639,0,1747238419124323039,1
985,677,1010,New,Sell,Limit,50095081,681,0,1747238419136127840,1
986,678,1007,New,Sell,Limit,49923527,3406,0,1747238419156691158,1
987,679,1015,New,Buy,Limit,49871609,672,0,1747238419173996302,1
988,307,1010,Cancel,,,0,0,0,1747238419195422881,1
989,680,1016,New,Buy,Limit,50112345,918,0,1747238419225051204,1
990,665,1009,Modify,,,50006308,412,0,1747238419246601692,1
991,681,1014,New,Buy,Limit,50134416,2875,0,1747238419260593313,1
992,253,1010,Cancel,,,0,0,0,1747238419284660437,1
993,647,1011,Cancel,,,0,0,0,1747238419298270733,1
994,108,1007,Modify,,,49888596,2281,0,1747238419313194563,1
995,392,1010,Cancel,,,0,0,0,1747238419335414334,1
996,682,1014,New,Buy,Limit,50148667,3240,0,1747238419350913362,1
997,683,1012,New,Buy,Limit,50205298,4977,0,1747238419369097679,1
998,684,1001,New,Sell,Limit,49819359,4893,0,1747238419395711036,1
999,319,1001,Modify,,,49941441,4827,0,1747238419421439070,1
1000,117,1020,Modify,,,50147609,2684,0,1747238419439152995,1
